<?xml version="1.0" encoding="utf-8"?>
<databaseChangeLog
    xmlns="http://www.liquibase.org/xml/ns/dbchangelog"
    xmlns:xsi="http://www.w3.org/2001/XMLSchema-instance"
    xmlns:ext="http://www.liquibase.org/xml/ns/dbchangelog-ext"
    xsi:schemaLocation="http://www.liquibase.org/xml/ns/dbchangelog http://www.liquibase.org/xml/ns/dbchangelog/dbchangelog-4.20.xsd
                        http://www.liquibase.org/xml/ns/dbchangelog-ext http://www.liquibase.org/xml/ns/dbchangelog/dbchangelog-ext.xsd">
    <changeSet id="add-column" author="jab">
        <addColumn tableName="accounting" schemaName="go_tutorial">
            <column name="outdated_by" type="bigint"></column>
            <column name="created_at" type="timestamptz"></column>
            <column name="updated_at" type="timestamptz"></column>
        </addColumn>
        <addColumn tableName="users" schemaName="go_tutorial">
            <column name="created_at" type="timestamptz"></column>
            <column name="updated_at" type="timestamptz"></column>
        </addColumn>
    </changeSet>
</databaseChangeLog>